ID,Random,Date,Unicode
1,b'\x83\xe2I\x02\x8e\xf9\xac\xac\xe4\x12\xb2L\xe2-\xfdM',12.12.22,touuXRaWoDjwIIJu
2,b'H\x80\xe1\x91k\xc2_\n~\xc4\xa7\xc8r$\xc9\xb5',13.12.22,gGRqNohnHDXyLAJk
3,b'\x1c[\x1bb\x08\xbc\x92m\xf7\xa8\xa6\xf4\x930\x00-',14.12.22,sXzUbUmTykjveIOr
4,b'X\xd7_\xee1\x9e3\x82\x96\xdf\x14\x82\xee\x90\xeeo',15.12.22,YcnAPgRBbQArUJvL
5,b'p\xe7\x9a(\xa4\xea\xf8\x84\x82\xc3I\x19Y;qo',16.12.22,bAvspUMMUqxFDtlX
6,b'[\xec\x11p4\x00TF\x02\x92\xf4t\x06\x18\xff\x84',17.12.22,tdlaxMtRgzieHDiI
7,b'&\x9c\x9f\x0f\xa6q\xebW)\x0b\x9f/^\xf3\xb9R',18.12.22,fvkJuRjTsRPYzQXx
8,b'\xedSPq\xf6\xbe\x83\x9a\xec\x90a\x05\x88O\x8aR',19.12.22,MeDCvGtqYChsAvzP
9,b'\xe7\xc9\xb4!Ac\x94\xc5\x97+\xd6r\x86j~H',20.12.22,vvVWqBxJCbzrEwcX
10,b'\x1a\xfb\x84\x12\xf7\xb0\x91\xd4mD\x02\xd2*\xf02j',21.12.22,bPFVEtnvyJMbglvF
